{"cameraMode":{"drawMode":0,"name":"Shaded","section":"Shading Mode"},"sceneLighting":true,"audioPlay":false,"sceneViewState":{"m_AlwaysRefresh":false,"showFog":true,"showSkybox":true,"showFlares":true,"showImageEffects":true,"showParticleSystems":true,"showVisualEffectGraphs":true,"m_FxEnabled":true},"in2DMode":false,"pivot":{"x":-15.18465805053711,"y":-0.019664764404296876,"z":-5.416660308837891},"rotation":{"x":0.04985760524868965,"y":-0.9446128010749817,"z":0.17072877287864686,"w":0.2758314907550812},"size":36.82233428955078,"orthographic":false}